Tipo,Nombre,Latitud,Longitud,Coordenadas_GMS
Terminal / Estacion Multimodal,Terminal Terrestre Quitumbe,-0.2955,-78.5567,0°17′44″S 78°33′24″O
Terminal / Estacion Multimodal,Estacion Multimodal El Labrador,-0.1549,-78.4868,0°09′18″S 78°29′12″O
Terminal / Estacion Multimodal,Terminal Sur – El Recreo,-0.2524,-78.5214,0°15′09″S 78°31′17″O
Terminal / Estacion Multimodal,Terminal Interparroquial Rio Coca,-0.1637,-78.4728,0°09′50″S 78°28′22″O
Terminal / Estacion Multimodal,Terminal Microregional Playon de la Marin,-0.2301,-78.5065,0°13′48″S 78°30′24″O
Terminal / Estacion Multimodal,Terminal Sur Ecovia – Guamani,-0.3286,-78.5598,0°19′43″S 78°33′35″O
Parada Principal (Troncal),Parada Espana (Ecovia),-0.2141,-78.5033,0°12′51″S 78°30′12″O
Parada Principal (Troncal),Parada Jipijapa (Metro / Ecovia),-0.1642,-78.4839,0°09′51″S 78°29′02″O
Parada Principal (Troncal),Parada Chimbacalle (Trolebus),-0.2452,-78.5181,0°14′43″S 78°31′05″O
Parada Principal (Troncal),Parada Colon (Trolebus / Ecovia),-0.2022,-78.4928,0°12′08″S 78°29′34″O
Parada Principal (Troncal),Parada Estadio (Ecovia),-0.1794,-78.4814,0°10′46″S 78°28′53″O
Parada Principal (Troncal),Parada La Colina (Ecovia),-0.2541,-78.5127,0°15′15″S 78°30′46″O
Parada Principal (Troncal),Parada Plaza Chica (Trolebus),-0.2217,-78.5106,0°13′18″S 78°30′38″O
Parada Principal (Troncal),Parada Plaza Grande (Trolebus),-0.2198,-78.5117,0°13′11″S 78°30′42″O
